"ANNEX IV: Emission projections reporting template - with measures","...2","...3","...4","...5","...6","...7","...8","...9","...10","...11","...12","...13","...14","...15","...16","...17","...18","...19","...20","...21","...22","...23","...24","...25","...26","...27","...28","...29","...30","...31","...32","...33","...34","...35","...36","...37","...38"
"NFR 2019-1",NA,NA,NA,NA,NA,NA,NA,NA,NA,NA,NA,NA,NA,NA,NA,NA,NA,NA,NA,NA,NA,NA,NA,NA,NA,NA,NA,NA,NA,NA,NA,NA,NA,NA,NA,NA,NA
NA,NA,NA,NA,NA,NA,NA,NA,NA,NA,NA,NA,NA,NA,NA,NA,NA,NA,NA,NA,NA,NA,NA,NA,NA,NA,NA,NA,NA,NA,NA,NA,NA,NA,NA,NA,NA,NA
"COUNTRY:","GB","(as ISO2 code)",NA,NA,NA,NA,NA,NA,NA,NA,NA,NA,NA,NA,NA,NA,NA,NA,NA,NA,NA,NA,NA,NA,NA,NA,NA,NA,NA,NA,NA,NA,NA,NA,NA,NA,NA
"DATE:","13.03.2024","(as DD.MM.YYYY)",NA,NA,NA,NA,NA,NA,NA,NA,NA,NA,NA,NA,NA,NA,NA,NA,NA,NA,NA,NA,NA,NA,NA,NA,NA,NA,NA,NA,NA,NA,NA,NA,NA,NA,NA
"YEAR:","2035","(as YYYY, year of emissions and activity data)",NA,NA,NA,NA,NA,NA,NA,NA,NA,NA,NA,NA,NA,NA,NA,NA,NA,NA,NA,NA,NA,NA,NA,NA,NA,NA,NA,NA,NA,NA,NA,NA,NA,NA,NA
"Version:","v1.0","(as v1.0 for the initial submission)",NA,NA,NA,NA,NA,NA,NA,NA,NA,NA,NA,NA,NA,NA,NA,NA,NA,NA,NA,NA,NA,NA,NA,NA,NA,NA,NA,NA,NA,NA,NA,NA,NA,NA,NA
NA,NA,NA,NA,NA,NA,NA,NA,NA,NA,NA,NA,NA,NA,NA,NA,NA,NA,NA,NA,NA,NA,NA,NA,NA,NA,NA,NA,NA,NA,NA,NA,NA,NA,NA,NA,NA,NA
NA,NA,NA,NA,NA,NA,NA,NA,NA,NA,NA,NA,NA,NA,NA,NA,NA,NA,NA,NA,NA,NA,NA,NA,NA,NA,NA,NA,NA,NA,NA,NA,NA,NA,NA,NA,NA,NA
"GB: 13.03.2024: 2035","NFR sectors to be reported",NA,NA,"Main Pollutants",NA,NA,NA,"Particulate Matter
(PM10, TSP - voluntary reporting)",NA,NA,NA,"Other
(voluntary)","Priority Heavy Metals
(voluntary reporting)",NA,NA,"Additional Heavy Metals
(voluntary reporting)",NA,NA,NA,NA,NA,"POPs
(voluntary reporting)",NA,NA,NA,NA,NA,NA,NA,NA,"Activity Data",NA,NA,NA,NA,NA,NA
NA,NA,NA,NA,NA,NA,NA,NA,NA,NA,NA,NA,NA,NA,NA,NA,NA,NA,NA,NA,NA,NA,NA,"PAHs",NA,NA,NA,NA,NA,NA,NA,NA,NA,NA,NA,NA,NA,NA
NA,NA,NA,NA,"NOx
(as NO2)","NMVOC","SOx 
(as SO2)","NH3","PM2.5","PM10","TSP","BC","CO","Pb","Cd","Hg","As","Cr","Cu","Ni","Se","Zn","PCDD/ PCDF
(dioxins/ furans)","benzo(a) pyrene","benzo(b) fluoranthene","benzo(k) fluoranthene","Indeno (1,2,3-cd) pyrene","Total 1-4","HCB","PCBs",NA,"Liquid Fuels","Solid Fuels","Gaseous Fuels","Biomass","Other Fuels","Other activity (specified)","Other Activity Units"
"NFR Aggregation for Gridding and LPS (GNFR)","NFR Code","Long name","Notes","kt","kt","kt","kt","kt","kt","kt","kt","kt","t","t","t","t","t","t","t","t","t","g I-TEQ","t","t","t","t","t","kg","kg",NA,"TJ NCV","TJ NCV","TJ NCV","TJ NCV","TJ NCV",NA,NA
"A_PublicPower","1A1a","Public electricity and heat production",NA,"33.383030826666001","0.47011520593599998","2.8740202629390001","0.26701706054000002","0.41124861406500002","0.43757974179999998","NE","1.4044677441000001E-2","NE","NE","NE","NE","NE","NE","NE","NE","NE","NE","NE","NE","NE","NE","NE","NE","NE","NE",NA,"NE","NE","NE","NE","NE","NE","NE"
"B_Industry","1A1b","Petroleum refining",NA,"10.048520917513001","0.53476494287599996","14.669393717856","IE","0.33667698244299998","0.53692002210000001","NE","8.3321904349999993E-3","NE","NE","NE","NE","NE","NE","NE","NE","NE","NE","NE","NE","NE","NE","NE","NE","NE","NE",NA,"NE","NE","NE","NE","NE","NE","NE"
"B_Industry","1A1c","Manufacture of solid fuels and other energy industries",NA,"26.473482360946001","1.384659578395","1.421852811268","IE","0.28931642634999999","0.30664981716900003","NE","0.15787255774699999","NE","NE","NE","NE","NE","NE","NE","NE","NE","NE","NE","NE","NE","NE","NE","NE","NE","NE",NA,"NE","NE","NE","NE","NE","NE","NE"
"B_Industry","1A2a","Stationary combustion in manufacturing industries and construction: Iron and steel",NA,"4.0037534476200003","0.14867419431100001","0.87708285777100004","NE","0.16264010524399999","0.235400415099","NE","5.0330028531999998E-2","NE","NE","NE","NE","NE","NE","NE","NE","NE","NE","NE","NE","NE","NE","NE","NE","NE","NE",NA,"NE","NE","NE","NE","NE","NE","NE"
"B_Industry","1A2b","Stationary combustion in manufacturing industries and construction: Non-ferrous metals",NA,"0.71034689399999995","5.0759953564000003E-2","0.84565617079400002","NE","9.7374300334000005E-2","0.10509412190799999","NE","3.1593830409999998E-3","NE","NE","NE","NE","NE","NE","NE","NE","NE","NE","NE","NE","NE","NE","NE","NE","NE","NE",NA,"NE","NE","NE","NE","NE","NE","NE"
"B_Industry","1A2c","Stationary combustion in manufacturing industries and construction: Chemicals",NA,"6.30998744512","0.37880296026499999","1.5378425644980001","1.6078738780000001E-3","0.13283184887800001","0.14067669937499999","NE","2.5404143638000001E-2","NE","NE","NE","NE","NE","NE","NE","NE","NE","NE","NE","NE","NE","NE","NE","NE","NE","NE",NA,"NE","NE","NE","NE","NE","NE","NE"
"B_Industry","1A2d","Stationary combustion in manufacturing industries and construction: Pulp, Paper and Print",NA,"2.1790948916959998","0.20584175400900001","0.17200542522100001","1.5681168212999998E-2","0.49228718602600002","0.50539488008699995","NE","7.3307021018000004E-2","NE","NE","NE","NE","NE","NE","NE","NE","NE","NE","NE","NE","NE","NE","NE","NE","NE","NE",NA,"NE","NE","NE","NE","NE","NE","NE"
"B_Industry","1A2e","Stationary combustion in manufacturing industries and construction: Food processing, beverages and tobacco",NA,"3.4883107230579999","0.28810567043200003","1.1778649032949999","1.990051777E-3","0.19631179401599999","0.21009335029699999","NE","1.8034126163999999E-2","NE","NE","NE","NE","NE","NE","NE","NE","NE","NE","NE","NE","NE","NE","NE","NE","NE","NE",NA,"NE","NE","NE","NE","NE","NE","NE"
"B_Industry","1A2f","Stationary combustion in manufacturing industries and construction: Non-metallic minerals",NA,"12.506608047839","0.63472022330800004","2.9717504458319999","0.39161816288000001","0.514609594103","0.68408694803600001","NE","6.2055763962999999E-2","NE","NE","NE","NE","NE","NE","NE","NE","NE","NE","NE","NE","NE","NE","NE","NE","NE","NE",NA,"NE","NE","NE","NE","NE","NE","NE"
"I_Offroad","1A2gvii","Mobile combustion in manufacturing industries and construction (please specify in the IIR)",NA,"8.5454984737240007","4.9009914799710002","1.8892915265000001E-2","1.120458404E-2","0.19534994392899999","0.44217009619300002","NE","8.9688590057000001E-2","NE","NE","NE","NE","NE","NE","NE","NE","NE","NE","NE","NE","NE","NE","NE","NE","NE","NE",NA,"NE","NE","NE","NE","NE","NE","NE"
"B_Industry","1A2gviii","Stationary combustion in manufacturing industries and construction: Other (please specify in the IIR)",NA,"44.973498371209999","5.7696300906070004","15.861489051702","9.2097469959999997E-2","3.8979901459059998","4.1239403385360003","NE","0.72293491165799995","NE","NE","NE","NE","NE","NE","NE","NE","NE","NE","NE","NE","NE","NE","NE","NE","NE","NE",NA,"NE","NE","NE","NE","NE","NE","NE"
"H_Aviation","1A3ai(i)","International aviation LTO (civil)",NA,"10.9258292063","1.056538399481","0.31881860640800003","NA","0.14752602027200001","0.222628445338","NE","2.7175456199000001E-2","NE","NE","NE","NE","NE","NE","NE","NE","NE","NE","NE","NE","NE","NE","NE","NE","NE","NE",NA,"NE","NE","NE","NE","NE","NE","NE"
"H_Aviation","1A3aii(i)","Domestic aviation LTO (civil)",NA,"1.380125292592","0.57074078987200005","5.1966041374000002E-2","NE","2.3899507111000001E-2","3.2064378976000001E-2","NE","3.8422952149999999E-3","NE","NE","NE","NE","NE","NE","NE","NE","NE","NE","NE","NE","NE","NE","NE","NE","NE","NE",NA,"NE","NE","NE","NE","NE","NE","NE"
"F_RoadTransport","1A3bi","Road transport: Passenger cars",NA,"18.808372317598","3.90296584288","0.12676440749500001","2.719251868697","0.173104136523","0.173104136523","NE","2.7861265701000001E-2","NE","NE","NE","NE","NE","NE","NE","NE","NE","NE","NE","NE","NE","NE","NE","NE","NE","NE",NA,"NE","NE","NE","NE","NE","NE","NE"
"F_RoadTransport","1A3bii","Road transport: Light duty vehicles",NA,"17.090347142266001","7.0390570737000002E-2","8.4005136214000006E-2","0.61190124055100004","6.2826312384999999E-2","6.2826312384999999E-2","NE","1.3935379409E-2","NE","NE","NE","NE","NE","NE","NE","NE","NE","NE","NE","NE","NE","NE","NE","NE","NE","NE",NA,"NE","NE","NE","NE","NE","NE","NE"
"F_RoadTransport","1A3biii","Road transport: Heavy duty vehicles and buses",NA,"9.4387629457590005","0.83790993505099998","0.109752739465","0.29678055540199999","0.10689119261299999","0.10689119261299999","NE","1.7459039591000002E-2","NE","NE","NE","NE","NE","NE","NE","NE","NE","NE","NE","NE","NE","NE","NE","NE","NE","NE",NA,"NE","NE","NE","NE","NE","NE","NE"
"F_RoadTransport","1A3biv","Road transport: Mopeds & motorcycles",NA,"9.2782922569000004E-2","0.20309581217799999","2.7066548329999999E-3","9.0014698050000005E-3","5.5716056760000002E-3","5.5716056760000002E-3","NE","1.343175186E-3","NE","NE","NE","NE","NE","NE","NE","NE","NE","NE","NE","NE","NE","NE","NE","NE","NE","NE",NA,"NE","NE","NE","NE","NE","NE","NE"
"F_RoadTransport","1A3bv","Road transport: Gasoline evaporation",NA,"NA","13.276351899621","NA","NA","NA","NA","NE","NA","NE","NE","NE","NE","NE","NE","NE","NE","NE","NE","NE","NE","NE","NE","NE","NE","NE","NE",NA,"NE","NE","NE","NE","NE","NE","NE"
"F_RoadTransport","1A3bvi","Road transport: Automobile tyre and brake wear",NA,"NA","NA","NA","NA","7.0919233449189996","13.021433878047","NE","1.7804697193250001","NE","NE","NE","NE","NE","NE","NE","NE","NE","NE","NE","NE","NE","NE","NE","NE","NE","NE",NA,"NE","NE","NE","NE","NE","NE","NE"
"F_RoadTransport","1A3bvii","Road transport: Automobile road abrasion",NA,"NA","NA","NA","NA","3.29794017097","6.1072966129069997","NE","0.12947468819300001","NE","NE","NE","NE","NE","NE","NE","NE","NE","NE","NE","NE","NE","NE","NE","NE","NE","NE",NA,"NE","NE","NE","NE","NE","NE","NE"
"I_Offroad","1A3c","Railways",NA,"9.5719988631829995","0.47135207265099999","0.34287439391699998","4.9344295500000001E-3","0.24961198711099999","0.285402460882","NE","0.14939323888100001","NE","NE","NE","NE","NE","NE","NE","NE","NE","NE","NE","NE","NE","NE","NE","NE","NE","NE",NA,"NE","NE","NE","NE","NE","NE","NE"
"G_Shipping","1A3di(ii)","International inland waterways",NA,"NO","NO","NO","NO","NO","NO","NE","NO","NE","NE","NE","NE","NE","NE","NE","NE","NE","NE","NE","NE","NE","NE","NE","NE","NE","NE",NA,"NE","NE","NE","NE","NE","NE","NE"
"G_Shipping","1A3dii","National navigation (shipping)",NA,"47.441499710934004","11.55581342256","5.6195753728569997","1.5016468339E-2","2.0884910108320001","2.1503016029080002","NE","0.80315750654399998","NE","NE","NE","NE","NE","NE","NE","NE","NE","NE","NE","NE","NE","NE","NE","NE","NE","NE",NA,"NE","NE","NE","NE","NE","NE","NE"
"I_Offroad","1A3ei","Pipeline transport",NA,"IE","IE","IE","NA","IE","IE","NE","IE","NE","NE","NE","NE","NE","NE","NE","NE","NE","NE","NE","NE","NE","NE","NE","NE","NE","NE",NA,"NE","NE","NE","NE","NE","NE","NE"
"I_Offroad","1A3eii","Other (please specify in the IIR)",NA,"4.2079411392960004","0.54107530372900003","7.5219218189999998E-3","4.7438029810000001E-3","5.8742981440000001E-2","0.31255973893599998","NE","3.6463086360999999E-2","NE","NE","NE","NE","NE","NE","NE","NE","NE","NE","NE","NE","NE","NE","NE","NE","NE","NE",NA,"NE","NE","NE","NE","NE","NE","NE"
"C_OtherStationaryComb","1A4ai","Commercial/Institutional: Stationary",NA,"40.788808086026997","4.1028518827399996","1.4857626059560001","6.0896862620000002E-3","1.2295894697380001","1.3729965706309999","NE","0.497342662298","NE","NE","NE","NE","NE","NE","NE","NE","NE","NE","NE","NE","NE","NE","NE","NE","NE","NE",NA,"NE","NE","NE","NE","NE","NE","NE"
"I_Offroad","1A4aii","Commercial/Institutional: Mobile",NA,"5.6954316861340004","0.89475039831699998","6.4241315670000004E-3","2.6445671479999999E-3","2.7516958728000002E-2","9.0775976009000003E-2","NE","1.5745459424000002E-2","NE","NE","NE","NE","NE","NE","NE","NE","NE","NE","NE","NE","NE","NE","NE","NE","NE","NE",NA,"NE","NE","NE","NE","NE","NE","NE"
"C_OtherStationaryComb","1A4bi","Residential: Stationary",NA,"24.005421045773002","23.69665120737","29.612600196870002","0.63397262480600003","16.663571673039002","17.090059213202998","NE","1.9417830830939999","NE","NE","NE","NE","NE","NE","NE","NE","NE","NE","NE","NE","NE","NE","NE","NE","NE","NE",NA,"NE","NE","NE","NE","NE","NE","NE"
"I_Offroad","1A4bii","Residential: Household and gardening (mobile)",NA,"0.93311443759299995","1.467096705318","1.3250554319999999E-3","5.8236307500000005E-4","2.3747873435000001E-2","2.3747873435000001E-2","NE","1.1145423391E-2","NE","NE","NE","NE","NE","NE","NE","NE","NE","NE","NE","NE","NE","NE","NE","NE","NE","NE",NA,"NE","NE","NE","NE","NE","NE","NE"
"C_OtherStationaryComb","1A4ci","Agriculture/Forestry/Fishing: Stationary",NA,"4.8036792517459999","0.97221734145899996","0.16413301706399999","NA","0.68740625451000004","0.69565203162199996","NE","0.27298438582000001","NE","NE","NE","NE","NE","NE","NE","NE","NE","NE","NE","NE","NE","NE","NE","NE","NE","NE",NA,"NE","NE","NE","NE","NE","NE","NE"
"I_Offroad","1A4cii","Agriculture/Forestry/Fishing: Off-road vehicles and other machinery",NA,"2.9396248848150002","1.169750927008","2.6985884698E-2","1.2936816196E-2","5.8158191115999999E-2","0.48889450348000002","NE","3.8583283463000002E-2","NE","NE","NE","NE","NE","NE","NE","NE","NE","NE","NE","NE","NE","NE","NE","NE","NE","NE",NA,"NE","NE","NE","NE","NE","NE","NE"
"I_Offroad","1A4ciii","Agriculture/Forestry/Fishing: National fishing",NA,"5.1621188565980001","0.36031047196999999","0.703283739385","1.5457259319999999E-3","0.14814018376800001","0.156364981811","NE","4.3754893050999999E-2","NE","NE","NE","NE","NE","NE","NE","NE","NE","NE","NE","NE","NE","NE","NE","NE","NE","NE",NA,"NE","NE","NE","NE","NE","NE","NE"
"C_OtherStationaryComb","1A5a","Other stationary (including military)",NA,"IE","IE","IE","IE","IE","IE","NE","IE","NE","NE","NE","NE","NE","NE","NE","NE","NE","NE","NE","NE","NE","NE","NE","NE","NE","NE",NA,"NE","NE","NE","NE","NE","NE","NE"
"I_Offroad","1A5b","Other, Mobile (including military, land based and recreational boats)",NA,"12.205951992377001","0.59244649251799997","0.69112754943200005","1.3467524189999999E-3","0.18084745481699999","0.187074660911","NE","4.5072837014E-2","NE","NE","NE","NE","NE","NE","NE","NE","NE","NE","NE","NE","NE","NE","NE","NE","NE","NE",NA,"NE","NE","NE","NE","NE","NE","NE"
"D_Fugitive","1B1a","Fugitive emission from solid fuels: Coal mining and handling",NA,"NA","0.1469125","NA","NA","4.4073750039999998E-3","2.8647937500000002E-2","NE","NA","NE","NE","NE","NE","NE","NE","NE","NE","NE","NE","NE","NE","NE","NE","NE","NE","NE","NE",NA,"NE","NE","NE","NE","NE","NE","NE"
"D_Fugitive","1B1b","Fugitive emission from solid fuels: Solid fuel transformation",NA,"4.7161399999999997E-3","0.25263196990600001","5.1171243730280001","4.6008000000000004E-3","0.62260067182900003","0.64030699253199996","NE","0.30507432919600003","NE","NE","NE","NE","NE","NE","NE","NE","NE","NE","NE","NE","NE","NE","NE","NE","NE","NE",NA,"NE","NE","NE","NE","NE","NE","NE"
"D_Fugitive","1B1c","Other fugitive emissions from solid fuels",NA,"IE","IE","IE","IE","IE","IE","NE","IE","NE","NE","NE","NE","NE","NE","NE","NE","NE","NE","NE","NE","NE","NE","NE","NE","NE","NE",NA,"NE","NE","NE","NE","NE","NE","NE"
"D_Fugitive","1B2ai","Fugitive emissions oil: Exploration, production, transport",NA,"4.9949740719999998E-3","11.302943059066999","2.7698561999999999E-5","NA","NA","NA","NE","NA","NE","NE","NE","NE","NE","NE","NE","NE","NE","NE","NE","NE","NE","NE","NE","NE","NE","NE",NA,"NE","NE","NE","NE","NE","NE","NE"
"D_Fugitive","1B2aiv","Fugitive emissions oil: Refining and storage",NA,"NA","12.564992354363","IE","6.4918800000000002E-3","NA","NA","NE","NA","NE","NE","NE","NE","NE","NE","NE","NE","NE","NE","NE","NE","NE","NE","NE","NE","NE","NE",NA,"NE","NE","NE","NE","NE","NE","NE"
"D_Fugitive","1B2av","Distribution of oil products",NA,"NA","22.769777170680999","IE","NA","NA","NA","NE","NA","NE","NE","NE","NE","NE","NE","NE","NE","NE","NE","NE","NE","NE","NE","NE","NE","NE","NE",NA,"NE","NE","NE","NE","NE","NE","NE"
"D_Fugitive","1B2b","Fugitive emissions from natural gas (exploration, production, processing, transmission, storage, distribution and other)",NA,"1.0741648399999999E-4","13.656201299513","NO","NA","NA","NA","NE","NA","NE","NE","NE","NE","NE","NE","NE","NE","NE","NE","NE","NE","NE","NE","NE","NE","NE","NE",NA,"NE","NE","NE","NE","NE","NE","NE"
"D_Fugitive","1B2c","Venting and flaring (oil, gas, combined oil and gas)",NA,"0.56912928110399996","6.3419452665760003","0.118364244422","NA","0.22894592021400001","0.22894592021400001","NE","5.4947020850999999E-2","NE","NE","NE","NE","NE","NE","NE","NE","NE","NE","NE","NE","NE","NE","NE","NE","NE","NE",NA,"NE","NE","NE","NE","NE","NE","NE"
"D_Fugitive","1B2d","Other fugitive emissions from energy production",NA,"NA","NA","NA","NA","NA","NA","NE","NA","NE","NE","NE","NE","NE","NE","NE","NE","NE","NE","NE","NE","NE","NE","NE","NE","NE","NE",NA,"NE","NE","NE","NE","NE","NE","NE"
"B_Industry","2A1","Cement production",NA,"NA","NA","NA","NA","1.8681812427999999E-2","6.2272708093E-2","NE","5.6045437299999997E-4","NE","NE","NE","NE","NE","NE","NE","NE","NE","NE","NE","NE","NE","NE","NE","NE","NE","NE",NA,"NE","NE","NE","NE","NE","NE","NE"
"B_Industry","2A2","Lime production",NA,"NA","NA","NA","NA","NA","NA","NE","NA","NE","NE","NE","NE","NE","NE","NE","NE","NE","NE","NE","NE","NE","NE","NE","NE","NE","NE",NA,"NE","NE","NE","NE","NE","NE","NE"
"B_Industry","2A3","Glass production",NA,"NA","0.18417573728200001","NA","0.48142207628799999","0.302216944027","0.34678122694000002","NE","4.2787380250000001E-3","NE","NE","NE","NE","NE","NE","NE","NE","NE","NE","NE","NE","NE","NE","NE","NE","NE","NE",NA,"NE","NE","NE","NE","NE","NE","NE"
"B_Industry","2A5a","Quarrying and mining of minerals other than coal",NA,"NA","NA","NA","NA","0.95702077076900005","9.5702077076939993","NE","NA","NE","NE","NE","NE","NE","NE","NE","NE","NE","NE","NE","NE","NE","NE","NE","NE","NE","NE",NA,"NE","NE","NE","NE","NE","NE","NE"
"B_Industry","2A5b","Construction and demolition",NA,"NA","NA","NA","NA","3.0022637075569998","30.022637075567001","NE","NA","NE","NE","NE","NE","NE","NE","NE","NE","NE","NE","NE","NE","NE","NE","NE","NE","NE","NE",NA,"NE","NE","NE","NE","NE","NE","NE"
"B_Industry","2A5c","Storage, handling and transport of mineral products",NA,"NA","NA","NA","NA","IE","IE","NE","NA","NE","NE","NE","NE","NE","NE","NE","NE","NE","NE","NE","NE","NE","NE","NE","NE","NE","NE",NA,"NE","NE","NE","NE","NE","NE","NE"
"B_Industry","2A6","Other mineral products (please specify in the IIR)",NA,"NA","0.64191946313000003","5.8946423220049997","NA","1.3994760308980001","2.2177145931719999","NE","8.5680483999999997E-4","NE","NE","NE","NE","NE","NE","NE","NE","NE","NE","NE","NE","NE","NE","NE","NE","NE","NE",NA,"NE","NE","NE","NE","NE","NE","NE"
"B_Industry","2B1","Ammonia production",NA,"IE","IE","NA","IE","NA","NA","NE","NA","NE","NE","NE","NE","NE","NE","NE","NE","NE","NE","NE","NE","NE","NE","NE","NE","NE","NE",NA,"NE","NE","NE","NE","NE","NE","NE"
"B_Industry","2B2","Nitric acid production",NA,"8.9847499317000007E-2","IE","NA","IE","NA","NA","NE","NA","NE","NE","NE","NE","NE","NE","NE","NE","NE","NE","NE","NE","NE","NE","NE","NE","NE","NE",NA,"NE","NE","NE","NE","NE","NE","NE"
"B_Industry","2B3","Adipic acid production",NA,"NA","NA","NA","NA","NA","NA","NE","NA","NE","NE","NE","NE","NE","NE","NE","NE","NE","NE","NE","NE","NE","NE","NE","NE","NE","NE",NA,"NE","NE","NE","NE","NE","NE","NE"
"B_Industry","2B5","Carbide production",NA,"NO","NO","NO","NO","NO","NO","NE","NO","NE","NE","NE","NE","NE","NE","NE","NE","NE","NE","NE","NE","NE","NE","NE","NE","NE","NE",NA,"NE","NE","NE","NE","NE","NE","NE"
"B_Industry","2B6","Titanium dioxide production",NA,"NA","NA","NA","NA","1.2608753255000001E-2","1.5191268982E-2","NE","2.26957559E-4","NE","NE","NE","NE","NE","NE","NE","NE","NE","NE","NE","NE","NE","NE","NE","NE","NE","NE",NA,"NE","NE","NE","NE","NE","NE","NE"
"B_Industry","2B7","Soda ash production",NA,"NA","NA","NA","0.40500000000000003","9.3706999999999992E-3","1.129E-2","NE","NO","NE","NE","NE","NE","NE","NE","NE","NE","NE","NE","NE","NE","NE","NE","NE","NE","NE","NE",NA,"NE","NE","NE","NE","NE","NE","NE"
"B_Industry","2B10a","Chemical industry: Other (please specify in the IIR)",NA,"0.76917156987900004","8.5172424670710001","0.43459390319399999","0.44447761353300003","7.4467814697000007E-2","0.12345333635400001","NE","9.3872769700000002E-4","NE","NE","NE","NE","NE","NE","NE","NE","NE","NE","NE","NE","NE","NE","NE","NE","NE","NE",NA,"NE","NE","NE","NE","NE","NE","NE"
"B_Industry","2B10b","Storage, handling and transport of chemical products (please specify in the IIR)",NA,"IE","2.493332123319","IE","IE","IE","IE","NE","IE","NE","NE","NE","NE","NE","NE","NE","NE","NE","NE","NE","NE","NE","NE","NE","NE","NE","NE",NA,"NE","NE","NE","NE","NE","NE","NE"
"B_Industry","2C1","Iron and steel production",NA,"0.96829290972399995","0.38757603461899998","0.52982616506900004","NA","0.38494594224099998","0.75929650412899996","NE","3.10814449E-3","NE","NE","NE","NE","NE","NE","NE","NE","NE","NE","NE","NE","NE","NE","NE","NE","NE","NE",NA,"NE","NE","NE","NE","NE","NE","NE"
"B_Industry","2C2","Ferroalloys production",NA,"IE","IE","IE","IE","IE","IE","NE","IE","NE","NE","NE","NE","NE","NE","NE","NE","NE","NE","NE","NE","NE","NE","NE","NE","NE","NE",NA,"NE","NE","NE","NE","NE","NE","NE"
"B_Industry","2C3","Aluminium production",NA,"2.943490323E-3","NA","0.49677077249399998","NA","2.5307035501999999E-2","4.7643028536999997E-2","NE","5.8206181700000002E-4","NE","NE","NE","NE","NE","NE","NE","NE","NE","NE","NE","NE","NE","NE","NE","NE","NE","NE",NA,"NE","NE","NE","NE","NE","NE","NE"
"B_Industry","2C4","Magnesium production",NA,"NA","NA","NA","NA","NA","NA","NE","NA","NE","NE","NE","NE","NE","NE","NE","NE","NE","NE","NE","NE","NE","NE","NE","NE","NE","NE",NA,"NE","NE","NE","NE","NE","NE","NE"
"B_Industry","2C5","Lead production",NA,"NA","NA","0.76652803417899995","NA","4.3170413879999999E-3","8.6340827759999999E-3","NE","NE","NE","NE","NE","NE","NE","NE","NE","NE","NE","NE","NE","NE","NE","NE","NE","NE","NE","NE",NA,"NE","NE","NE","NE","NE","NE","NE"
"B_Industry","2C6","Zinc production",NA,"NA","NA","NA","NA","1.0939827550000001E-3","1.430592834E-3","NE","NA","NE","NE","NE","NE","NE","NE","NE","NE","NE","NE","NE","NE","NE","NE","NE","NE","NE","NE",NA,"NE","NE","NE","NE","NE","NE","NE"
"B_Industry","2C7a","Copper production",NA,"NA","NA","NA","NA","4.5217472409999999E-3","5.9496674230000001E-3","NE","4.5217469999999997E-6","NE","NE","NE","NE","NE","NE","NE","NE","NE","NE","NE","NE","NE","NE","NE","NE","NE","NE",NA,"NE","NE","NE","NE","NE","NE","NE"
"B_Industry","2C7b","Nickel production",NA,"NA","NA","NA","NA","NA","NA","NE","NA","NE","NE","NE","NE","NE","NE","NE","NE","NE","NE","NE","NE","NE","NE","NE","NE","NE","NE",NA,"NE","NE","NE","NE","NE","NE","NE"
"B_Industry","2C7c","Other metal production (please specify in the IIR)",NA,"NA","NA","NA","3.3740289080000001E-3","0.25754101493199999","0.273856037602","NE","NE","NE","NE","NE","NE","NE","NE","NE","NE","NE","NE","NE","NE","NE","NE","NE","NE","NE","NE",NA,"NE","NE","NE","NE","NE","NE","NE"
"B_Industry","2C7d","Storage, handling and transport of metal products 
(please specify in the IIR)",NA,"NA","NA","NA","NA","IE","IE","NE","NA","NE","NE","NE","NE","NE","NE","NE","NE","NE","NE","NE","NE","NE","NE","NE","NE","NE","NE",NA,"NE","NE","NE","NE","NE","NE","NE"
"E_Solvents","2D3a","Domestic solvent use including fungicides",NA,"NA","183.40949324910801","NA","1.3074013665099999","NA","NA","NE","NA","NE","NE","NE","NE","NE","NE","NE","NE","NE","NE","NE","NE","NE","NE","NE","NE","NE","NE",NA,"NE","NE","NE","NE","NE","NE","NE"
"B_Industry","2D3b","Road paving with asphalt",NA,"NA","2.341914639544","NA","NA","0.19177103949400001","0.66127944653199999","NE","1.0930949251000001E-2","NE","NE","NE","NE","NE","NE","NE","NE","NE","NE","NE","NE","NE","NE","NE","NE","NE","NE",NA,"NE","NE","NE","NE","NE","NE","NE"
"B_Industry","2D3c","Asphalt roofing",NA,"NA","NE","NA","NA","NA","NA","NE","NA","NE","NE","NE","NE","NE","NE","NE","NE","NE","NE","NE","NE","NE","NE","NE","NE","NE","NE",NA,"NE","NE","NE","NE","NE","NE","NE"
"E_Solvents","2D3d","Coating applications",NA,"NA","65.442929085808998","NA","NA","0.29900654958900003","0.72387275125999995","NE","NA","NE","NE","NE","NE","NE","NE","NE","NE","NE","NE","NE","NE","NE","NE","NE","NE","NE","NE",NA,"NE","NE","NE","NE","NE","NE","NE"
"E_Solvents","2D3e","Degreasing",NA,"NA","10.891890785177001","NA","NA","NA","NA","NE","NA","NE","NE","NE","NE","NE","NE","NE","NE","NE","NE","NE","NE","NE","NE","NE","NE","NE","NE",NA,"NE","NE","NE","NE","NE","NE","NE"
"E_Solvents","2D3f","Dry cleaning",NA,"NA","0.69514286120500002","NA","NA","NA","NA","NE","NA","NE","NE","NE","NE","NE","NE","NE","NE","NE","NE","NE","NE","NE","NE","NE","NE","NE","NE",NA,"NE","NE","NE","NE","NE","NE","NE"
"E_Solvents","2D3g","Chemical products",NA,"NA","17.733121167646999","NA","NA","5.2433493925999997E-2","0.14980998264699999","NE","NA","NE","NE","NE","NE","NE","NE","NE","NE","NE","NE","NE","NE","NE","NE","NE","NE","NE","NE",NA,"NE","NE","NE","NE","NE","NE","NE"
"E_Solvents","2D3h","Printing",NA,"NA","7.314665908117","NA","NA","NA","NA","NE","NA","NE","NE","NE","NE","NE","NE","NE","NE","NE","NE","NE","NE","NE","NE","NE","NE","NE","NE",NA,"NE","NE","NE","NE","NE","NE","NE"
"E_Solvents","2D3i","Other solvent use (please specify in the IIR)",NA,"NA","31.314893381986","NA","NA","NA","NA","NE","NA","NE","NE","NE","NE","NE","NE","NE","NE","NE","NE","NE","NE","NE","NE","NE","NE","NE","NE",NA,"NE","NE","NE","NE","NE","NE","NE"
"E_Solvents","2G","Other product use (please specify in the IIR)",NA,"4.2594497432E-2","0.105498873567","0.64933160524","9.0458744896999996E-2","1.259627365736","1.879562027827","NE","2.648370483E-3","NE","NE","NE","NE","NE","NE","NE","NE","NE","NE","NE","NE","NE","NE","NE","NE","NE","NE",NA,"NE","NE","NE","NE","NE","NE","NE"
"B_Industry","2H1","Pulp and paper industry",NA,"NO","1.41503345941","NO","NA","NO","NO","NE","NO","NE","NE","NE","NE","NE","NE","NE","NE","NE","NE","NE","NE","NE","NE","NE","NE","NE","NE",NA,"NE","NE","NE","NE","NE","NE","NE"
"B_Industry","2H2","Food and beverages industry",NA,"NA","131.965406192111","NA","0.670002385832","NA","NA","NE","NA","NE","NE","NE","NE","NE","NE","NE","NE","NE","NE","NE","NE","NE","NE","NE","NE","NE","NE",NA,"NE","NE","NE","NE","NE","NE","NE"
"B_Industry","2H3","Other industrial processes (please specify in the IIR)",NA,"NA","NA","NA","NA","0.39879218138799999","1.3293072712939999","NE","NA","NE","NE","NE","NE","NE","NE","NE","NE","NE","NE","NE","NE","NE","NE","NE","NE","NE","NE",NA,"NE","NE","NE","NE","NE","NE","NE"
"B_Industry","2I","Wood processing",NA,"NA","1.4944539519110001","NA","NA","0.88085701418600004","1.1010712677329999","NE","NA","NE","NE","NE","NE","NE","NE","NE","NE","NE","NE","NE","NE","NE","NE","NE","NE","NE","NE",NA,"NE","NE","NE","NE","NE","NE","NE"
"B_Industry","2J","Production of POPs",NA,"NO","NO","NO","NO","NO","NO","NE","NO","NE","NE","NE","NE","NE","NE","NE","NE","NE","NE","NE","NE","NE","NE","NE","NE","NE","NE",NA,"NE","NE","NE","NE","NE","NE","NE"
"B_Industry","2K","Consumption of POPs and heavy metals 
(e.g. electrical and scientific equipment)",NA,"NA","NA","NA","NA","NA","NA","NE","NA","NE","NE","NE","NE","NE","NE","NE","NE","NE","NE","NE","NE","NE","NE","NE","NE","NE","NE",NA,"NE","NE","NE","NE","NE","NE","NE"
"B_Industry","2L","Other production, consumption, storage, transportation or handling of bulk products (please specify in the IIR)",NA,"NO","NO","NO","NO","NO","NO","NE","NO","NE","NE","NE","NE","NE","NE","NE","NE","NE","NE","NE","NE","NE","NE","NE","NE","NE","NE",NA,"NE","NE","NE","NE","NE","NE","NE"
"K_AgriLivestock","3B1a","Manure management - Dairy cattle",NA,"0.19985603571400001","25.476309018849999","NA","34.657071819499997","0.55940629200000003","0.85957552000000004","NE","NA","NE","NE","NE","NE","NE","NE","NE","NE","NE","NE","NE","NE","NE","NE","NE","NE","NE","NE",NA,"NE","NE","NE","NE","NE","NE","NE"
"K_AgriLivestock","3B1b","Manure management - Non-dairy cattle",NA,"0.78071370857099998","23.933578159199001","NA","29.293560310499998","0.632149183","0.95054065700000001","NE","NA","NE","NE","NE","NE","NE","NE","NE","NE","NE","NE","NE","NE","NE","NE","NE","NE","NE","NE",NA,"NE","NE","NE","NE","NE","NE","NE"
"K_AgriLivestock","3B2","Manure management - Sheep",NA,"1.7275533286000001E-2","2.1278140478759999","NA","2.007276137786","2.4218555999999999E-2","7.2655668000000007E-2","NE","NA","NE","NE","NE","NE","NE","NE","NE","NE","NE","NE","NE","NE","NE","NE","NE","NE","NE","NE",NA,"NE","NE","NE","NE","NE","NE","NE"
"K_AgriLivestock","3B3","Manure management - Swine",NA,"0.180585998286","2.1458021589570002","NA","11.264610977428999","2.7232065999999999E-2","0.61301619699999998","NE","NA","NE","NE","NE","NE","NE","NE","NE","NE","NE","NE","NE","NE","NE","NE","NE","NE","NE","NE",NA,"NE","NE","NE","NE","NE","NE","NE"
"K_AgriLivestock","3B4a","Manure management - Buffalo",NA,"NO","NO","NO","NO","NO","NO","NE","NO","NE","NE","NE","NE","NE","NE","NE","NE","NE","NE","NE","NE","NE","NE","NE","NE","NE","NE",NA,"NE","NE","NE","NE","NE","NE","NE"
"K_AgriLivestock","3B4d","Manure management - Goats",NA,"5.6961800000000003E-4","9.000781268E-3","NA","1.3403679143000001E-2","1.8187999999999999E-4","5.45646E-4","NE","NA","NE","NE","NE","NE","NE","NE","NE","NE","NE","NE","NE","NE","NE","NE","NE","NE","NE","NE",NA,"NE","NE","NE","NE","NE","NE","NE"
"K_AgriLivestock","3B4e","Manure management - Horses",NA,"2.1949550570999999E-2","0.38385699888899999","NA","0.47473142114299999","7.6722029999999998E-3","1.2056315999999999E-2","NE","NA","NE","NE","NE","NE","NE","NE","NE","NE","NE","NE","NE","NE","NE","NE","NE","NE","NE","NE",NA,"NE","NE","NE","NE","NE","NE","NE"
"K_AgriLivestock","3B4f","Manure management - Mules and asses",NA,"IE","IE","NA","IE","IE","IE","NE","NA","NE","NE","NE","NE","NE","NE","NE","NE","NE","NE","NE","NE","NE","NE","NE","NE","NE","NE",NA,"NE","NE","NE","NE","NE","NE","NE"
"K_AgriLivestock","3B4gi","Manure management - Laying hens",NA,"3.7672633142999998E-2","1.899271721081","NA","3.761508665929","9.8275207000000003E-2","1.310336081","NE","NA","NE","NE","NE","NE","NE","NE","NE","NE","NE","NE","NE","NE","NE","NE","NE","NE","NE","NE",NA,"NE","NE","NE","NE","NE","NE","NE"
"K_AgriLivestock","3B4gii","Manure management - Broilers",NA,"5.9906647713999998E-2","12.748011507168","NA","2.6040434468570002","0.250741137","2.5074113570000001","NE","NA","NE","NE","NE","NE","NE","NE","NE","NE","NE","NE","NE","NE","NE","NE","NE","NE","NE","NE",NA,"NE","NE","NE","NE","NE","NE","NE"
"K_AgriLivestock","3B4giii","Manure management - Turkeys",NA,"1.1690308571000001E-2","0.60391987004799996","NA","1.846188232357","7.7025871999999995E-2","0.423642293","NE","NA","NE","NE","NE","NE","NE","NE","NE","NE","NE","NE","NE","NE","NE","NE","NE","NE","NE","NE",NA,"NE","NE","NE","NE","NE","NE","NE"
"K_AgriLivestock","3B4giv","Manure management - Other poultry",NA,"4.1094451571000001E-2","0.96459648210899995","NA","2.767348838357","0.21308271300000001","2.006570923","NE","NA","NE","NE","NE","NE","NE","NE","NE","NE","NE","NE","NE","NE","NE","NE","NE","NE","NE","NE",NA,"NE","NE","NE","NE","NE","NE","NE"
"K_AgriLivestock","3B4h","Manure management - Other animals (please specify in the IIR)",NA,"2.1953105710000001E-3","2.7978565140000002E-3","NA","5.6774957070999998E-2","1.5259029999999999E-3","2.397845E-3","NE","NA","NE","NE","NE","NE","NE","NE","NE","NE","NE","NE","NE","NE","NE","NE","NE","NE","NE","NE",NA,"NE","NE","NE","NE","NE","NE","NE"
"L_AgriOther","3Da1","Inorganic N-fertilizers (includes also urea application)",NA,"9.1312306637139997","NA","NA","36.005439575571003","NA","NA","NE","NA","NE","NE","NE","NE","NE","NE","NE","NE","NE","NE","NE","NE","NE","NE","NE","NE","NE","NE",NA,"NE","NE","NE","NE","NE","NE","NE"
"L_AgriOther","3Da2a","Animal manure applied to soils",NA,"3.9029410667139999","45.661454783307001","NA","52.333715789999999","NA","NA","NE","NA","NE","NE","NE","NE","NE","NE","NE","NE","NE","NE","NE","NE","NE","NE","NE","NE","NE","NE",NA,"NE","NE","NE","NE","NE","NE","NE"
"L_AgriOther","3Da2b","Sewage sludge applied to soils",NA,"0.96015280199999997","NA","NA","4.6736512430710002","NA","NA","NE","NA","NE","NE","NE","NE","NE","NE","NE","NE","NE","NE","NE","NE","NE","NE","NE","NE","NE","NE",NA,"NE","NE","NE","NE","NE","NE","NE"
"L_AgriOther","3Da2c","Other organic fertilisers applied to soils 
(including compost)",NA,"1.8410733968570001","NA","NA","26.274365106929","NA","NA","NE","NA","NE","NE","NE","NE","NE","NE","NE","NE","NE","NE","NE","NE","NE","NE","NE","NE","NE","NE",NA,"NE","NE","NE","NE","NE","NE","NE"
"L_AgriOther","3Da3","Urine and dung deposited by grazing animals",NA,"2.567540455429","1.058014858101","NA","17.375660955857001","NA","NA","NE","NA","NE","NE","NE","NE","NE","NE","NE","NE","NE","NE","NE","NE","NE","NE","NE","NE","NE","NE",NA,"NE","NE","NE","NE","NE","NE","NE"
"L_AgriOther","3Da4","Crop residues applied to soils",NA,"4.6493410325709998","NA","NA","NA","NA","NA","NE","NA","NE","NE","NE","NE","NE","NE","NE","NE","NE","NE","NE","NE","NE","NE","NE","NE","NE","NE",NA,"NE","NE","NE","NE","NE","NE","NE"
"L_AgriOther","3Db","Indirect emissions from managed soils",NA,"NA","NA","NA","NA","NA","NA","NE","NA","NE","NE","NE","NE","NE","NE","NE","NE","NE","NE","NE","NE","NE","NE","NE","NE","NE","NE",NA,"NE","NE","NE","NE","NE","NE","NE"
"L_AgriOther","3Dc","Farm-level agricultural operations including storage, handling and transport of agricultural products",NA,"NA","NA","NA","NA","0.74966350000000004","6.9258646490000002","NE","NA","NE","NE","NE","NE","NE","NE","NE","NE","NE","NE","NE","NE","NE","NE","NE","NE","NE","NE",NA,"NE","NE","NE","NE","NE","NE","NE"
"L_AgriOther","3Dd","Off-farm storage, handling and transport of bulk agricultural products",NA,"NA","NA","NA","NA","NA","NA","NE","NA","NE","NE","NE","NE","NE","NE","NE","NE","NE","NE","NE","NE","NE","NE","NE","NE","NE","NE",NA,"NE","NE","NE","NE","NE","NE","NE"
"L_AgriOther","3De","Cultivated crops",NA,"NA","8.1508456514999992","NA","NA","NA","NA","NE","NA","NE","NE","NE","NE","NE","NE","NE","NE","NE","NE","NE","NE","NE","NE","NE","NE","NE","NE",NA,"NE","NE","NE","NE","NE","NE","NE"
"L_AgriOther","3Df","Use of pesticides",NA,"NA","NA","NA","NA","NA","NA","NE","NA","NE","NE","NE","NE","NE","NE","NE","NE","NE","NE","NE","NE","NE","NE","NE","NE","NE","NE",NA,"NE","NE","NE","NE","NE","NE","NE"
"L_AgriOther","3F","Field burning of agricultural residues",NA,"NE","NE","NE","NE","NE","NE","NE","NE","NE","NE","NE","NE","NE","NE","NE","NE","NE","NE","NE","NE","NE","NE","NE","NE","NE","NE",NA,"NE","NE","NE","NE","NE","NE","NE"
"L_AgriOther","3I","Agriculture other (please specify in the IIR)",NA,"NA","NA","NA","NA","NA","NA","NE","NA","NE","NE","NE","NE","NE","NE","NE","NE","NE","NE","NE","NE","NE","NE","NE","NE","NE","NE",NA,"NE","NE","NE","NE","NE","NE","NE"
"J_Waste","5A","Biological treatment of waste - Solid waste disposal on land",NA,"NA","1.4951668673930001","NA","0.14989144649700001","1.314048808E-3","8.7205057280000005E-3","NE","NA","NE","NE","NE","NE","NE","NE","NE","NE","NE","NE","NE","NE","NE","NE","NE","NE","NE","NE",NA,"NE","NE","NE","NE","NE","NE","NE"
"J_Waste","5B1","Biological treatment of waste - Composting",NA,"NA","NA","NA","4.0127412263349997","NA","NA","NE","NA","NE","NE","NE","NE","NE","NE","NE","NE","NE","NE","NE","NE","NE","NE","NE","NE","NE","NE",NA,"NE","NE","NE","NE","NE","NE","NE"
"J_Waste","5B2","Biological treatment of waste - Anaerobic digestion at biogas facilities",NA,"NA","NA","NA","2.0161354244659999","NA","NA","NE","NA","NE","NE","NE","NE","NE","NE","NE","NE","NE","NE","NE","NE","NE","NE","NE","NE","NE","NE",NA,"NE","NE","NE","NE","NE","NE","NE"
"J_Waste","5C1a","Municipal waste incineration",NA,"NO","NO","NO","NO","NO","NO","NE","NO","NE","NE","NE","NE","NE","NE","NE","NE","NE","NE","NE","NE","NE","NE","NE","NE","NE","NE",NA,"NE","NE","NE","NE","NE","NE","NE"
"J_Waste","5C1bi","Industrial waste incineration",NA,"IE","IE","IE","IE","IE","IE","NE","IE","NE","NE","NE","NE","NE","NE","NE","NE","NE","NE","NE","NE","NE","NE","NE","NE","NE","NE",NA,"NE","NE","NE","NE","NE","NE","NE"
"J_Waste","5C1bii","Hazardous waste incineration",NA,"0.56010236232599997","1.2357544846999999E-2","2.8406439871E-2","1.7758976819999999E-3","3.6368795899999998E-3","6.3645392880000004E-3","NE","1.2729078600000001E-4","NE","NE","NE","NE","NE","NE","NE","NE","NE","NE","NE","NE","NE","NE","NE","NE","NE","NE",NA,"NE","NE","NE","NE","NE","NE","NE"
"J_Waste","5C1biii","Clinical waste incineration",NA,"0.15167676780600001","5.8985409702000002E-2","9.2691358104000005E-2","NA","8.1375789649999995E-3","1.4240763199999999E-2","NE","2.8481526399999998E-4","NE","NE","NE","NE","NE","NE","NE","NE","NE","NE","NE","NE","NE","NE","NE","NE","NE","NE",NA,"NE","NE","NE","NE","NE","NE","NE"
"J_Waste","5C1biv","Sewage sludge incineration",NA,"0.132087097446","6.7948439999999999E-2","0.18119584","1.61782E-2","2.2741926839999999E-2","3.9798371999999999E-2","NE","7.9596743900000005E-4","NE","NE","NE","NE","NE","NE","NE","NE","NE","NE","NE","NE","NE","NE","NE","NE","NE","NE",NA,"NE","NE","NE","NE","NE","NE","NE"
"J_Waste","5C1bv","Cremation",NA,"0.69714831012599998","2.0071247612500001","0.22693061702299999","NA","0.28451667439299999","0.32901763195299999","NE","9.9580836040000006E-3","NE","NE","NE","NE","NE","NE","NE","NE","NE","NE","NE","NE","NE","NE","NE","NE","NE","NE",NA,"NE","NE","NE","NE","NE","NE","NE"
"J_Waste","5C1bvi","Other waste incineration (please specify in the IIR)",NA,"NA","NA","NA","NA","NA","NA","NE","NA","NE","NE","NE","NE","NE","NE","NE","NE","NE","NE","NE","NE","NE","NE","NE","NE","NE","NE",NA,"NE","NE","NE","NE","NE","NE","NE"
"J_Waste","5C2","Open burning of waste",NA,"0.25514882403299999","3.8782203211990001","NA","NA","3.9527954976080002","4.2546796415069998","NE","1.660174108996","NE","NE","NE","NE","NE","NE","NE","NE","NE","NE","NE","NE","NE","NE","NE","NE","NE","NE",NA,"NE","NE","NE","NE","NE","NE","NE"
"J_Waste","5D1","Domestic wastewater handling",NA,"NA","4.4615647931999999E-2","NA","1.5503993699009999","NA","NA","NE","NA","NE","NE","NE","NE","NE","NE","NE","NE","NE","NE","NE","NE","NE","NE","NE","NE","NE","NE",NA,"NE","NE","NE","NE","NE","NE","NE"
"J_Waste","5D2","Industrial wastewater handling",NA,"NA","0.523863061904","NA","NA","NA","NA","NE","NA","NE","NE","NE","NE","NE","NE","NE","NE","NE","NE","NE","NE","NE","NE","NE","NE","NE","NE",NA,"NE","NE","NE","NE","NE","NE","NE"
"J_Waste","5D3","Other wastewater handling",NA,"NA","NA","NA","NA","NA","NA","NE","NA","NE","NE","NE","NE","NE","NE","NE","NE","NE","NE","NE","NE","NE","NE","NE","NE","NE","NE",NA,"NE","NE","NE","NE","NE","NE","NE"
"J_Waste","5E","Other waste (please specify in the IIR)",NA,"0.118290371485","0.58319769202799998","NA","NA","1.8661324338859999","2.0086532884419999","NE","0.78377562223200004","NE","NE","NE","NE","NE","NE","NE","NE","NE","NE","NE","NE","NE","NE","NE","NE","NE","NE",NA,"NE","NE","NE","NE","NE","NE","NE"
"M_Other","6A","Other (included in national total for entire territory) (please specify in the IIR)",NA,"0.34580493099999998","1.5264312753010001","NA","17.009306462383002","2.7327990999999999E-2","4.2943987000000003E-2","NE","NA","NE","NE","NE","NE","NE","NE","NE","NE","NE","NE","NE","NE","NE","NE","NE","NE","NE","NE",NA,"NE","NE","NE","NE","NE","NE","NE"
NA,"NATIONAL TOTAL","National total (based on fuel sold)","(a)","397.23178783679202","749.25665344667595","96.319911954418004","258.68097282318303","58.252195722443005","122.911845915653","0","9.9214232405039979","0","0","0","0","0","0","0","0","0","0","0","0","0","0","0","0","0","0",NA,"0","0","0","0","0","NA","NA"
NA,NA,NA,NA,NA,NA,NA,NA,NA,NA,NA,NA,NA,NA,NA,NA,NA,NA,NA,NA,NA,NA,NA,NA,NA,NA,NA,NA,NA,NA,NA,NA,NA,NA,NA,NA,NA,NA
NA,"1A3bi(fu)","Road transport: Passenger cars (fuel used)","(b)","18.808372317598","3.90296584288","0.12676440749500001","2.719251868697","0.173104136523","0.173104136523","NE","2.7861265701000001E-2","NE","NE","NE","NE","NE","NE","NE","NE","NE","NE","NE","NE","NE","NE","NE","NE","NE","NE",NA,"NE","NE","NE","NE","NE","NE","NE"
NA,"1A3bii(fu)","Road transport: Light duty vehicles (fuel used)","(b)","17.090347142266001","7.0390570737000002E-2","8.4005136214000006E-2","0.61190124055100004","6.2826312384999999E-2","6.2826312384999999E-2","NE","1.3935379409E-2","NE","NE","NE","NE","NE","NE","NE","NE","NE","NE","NE","NE","NE","NE","NE","NE","NE","NE",NA,"NE","NE","NE","NE","NE","NE","NE"
NA,"1A3biii(fu)","Road transport: Heavy duty vehicles and buses (fuel used)","(b)","9.4387629457590005","0.83790993505099998","0.109752739465","0.29678055540199999","0.10689119261299999","0.10689119261299999","NE","1.7459039591000002E-2","NE","NE","NE","NE","NE","NE","NE","NE","NE","NE","NE","NE","NE","NE","NE","NE","NE","NE",NA,"NE","NE","NE","NE","NE","NE","NE"
NA,"1A3biv(fu)","Road transport: Mopeds & motorcycles (fuel used)","(b)","9.2782922569000004E-2","0.20309581217799999","2.7066548329999999E-3","9.0014698050000005E-3","5.5716056760000002E-3","5.5716056760000002E-3","NE","1.343175186E-3","NE","NE","NE","NE","NE","NE","NE","NE","NE","NE","NE","NE","NE","NE","NE","NE","NE","NE",NA,"NE","NE","NE","NE","NE","NE","NE"
NA,"1A3bv(fu)","Road transport: Gasoline evaporation (fuel used)","(b)","NA","13.276351899621","NA","NA","NA","NA","NE","NA","NE","NE","NE","NE","NE","NE","NE","NE","NE","NE","NE","NE","NE","NE","NE","NE","NE","NE",NA,"NE","NE","NE","NE","NE","NE","NE"
NA,"1A3bvi(fu)","Road transport: Automobile tyre and brake wear (fuel used)","(b)","NA","NA","NA","NA","7.0919233449189996","13.021433878047","NE","1.7804697193250001","NE","NE","NE","NE","NE","NE","NE","NE","NE","NE","NE","NE","NE","NE","NE","NE","NE","NE",NA,"NE","NE","NE","NE","NE","NE","NE"
NA,"1A3bvii(fu)","Road transport: Automobile road abrasion (fuel used)","(b)","NA","NA","NA","NA","3.29794017097","6.1072966129069997","NE","0.12947468819300001","NE","NE","NE","NE","NE","NE","NE","NE","NE","NE","NE","NE","NE","NE","NE","NE","NE","NE",NA,"NE","NE","NE","NE","NE","NE","NE"
NA,NA,NA,NA,NA,NA,NA,NA,NA,NA,NA,NA,NA,NA,NA,NA,NA,NA,NA,NA,NA,NA,NA,NA,NA,NA,NA,NA,NA,NA,NA,NA,NA,NA,NA,NA,NA,NA
NA,"ADJUSTMENTS AND FLEXIBILITIES","Sum of approved adjustments from Annex VII and other flexibilities (negative value) (CLRTAP)","(c)",NA,NA,NA,"-20.848583266999995",NA,NA,NA,NA,NA,NA,NA,NA,NA,NA,NA,NA,NA,NA,NA,NA,NA,NA,NA,NA,NA,NA,NA,NA,NA,NA,NA,NA,NA,NA
NA,"COMPLIANCE TOTAL (CLRTAP)","National total for compliance calculations and checks (CLRTAP)","(d)","397.23178783679202","749.25665344667595","96.319911954418004","237.83238955618305","58.252195722443005","122.911845915653","0","9.9214232405039979","0","0","0","0","0","0","0","0","0","0","0","0","0","0","0","0","0","0",NA,"0","0","0","0","0","NA","NA"
NA,"ADJUSTMENTS AND FLEXIBILITIES","Sum of approved adjustments from Annex VII and other flexibilities (negative value) (NECD)","(c)",NA,NA,NA,"-20.848583266999995",NA,NA,NA,NA,NA,NA,NA,NA,NA,NA,NA,NA,NA,NA,NA,NA,NA,NA,NA,NA,NA,NA,NA,NA,NA,NA,NA,NA,NA,NA
NA,"COMPLIANCE TOTAL (NECD)","National total for compliance calculations and checks (NECD)","(e)","372.82599862350901","624.09137955180893","96.319911954418004","237.83238955618305","58.252195722443005","122.911845915653","0","9.9214232405039979","0","0","0","0","0","0","0","0","0","0","0","0","0","0","0","0","0","0",NA,"0","0","0","0","0","NA","NA"
NA,NA,NA,NA,NA,NA,NA,NA,NA,NA,NA,NA,NA,NA,NA,NA,NA,NA,NA,NA,NA,NA,NA,NA,NA,NA,NA,NA,NA,NA,NA,NA,NA,NA,NA,NA,NA,NA
"Note (a): Sum of NFR categories (rows 14-140). The geographic area of the National Total corresponds to the geographical scope of EMEP, which is identical with the NECD territory, except for Portugal (EMEP domain includes emissions of Madeira and the Azores, but the NECD territory does not cover emissions of Madeira and the Azores). The geographical scope of EMEP means the area within which, co-ordinated by the centres of the EMEP, monitoring is carried out (see EMEP Protocol, Article 1/4).",NA,NA,NA,NA,NA,NA,NA,NA,NA,NA,NA,NA,NA,NA,NA,NA,NA,NA,NA,NA,NA,NA,NA,NA,NA,NA,NA,NA,NA,NA,NA,NA,NA,NA,NA,NA,NA
"Note (b): UNECE/EMEP reporting guidelines 2014, paragraph 23: The Parties Austria, Belgium, Ireland, Lithuania, Luxembourg, the Netherlands, Switzerland and the United Kingdom of Great Britain and Northern Ireland may choose to use the national emission total calculated on the basis of fuels used in the geographic area of the Party as a basis for compliance with their respective emission ceilings.
If one Party has chosen to report emission on the basis of fuel used for compliance, it shall report those information for all the related NFR categories available in the reporting template (row 143-149).",NA,NA,NA,NA,NA,NA,NA,NA,NA,NA,NA,NA,NA,NA,NA,NA,NA,NA,NA,NA,NA,NA,NA,NA,NA,NA,NA,NA,NA,NA,NA,NA,NA,NA,NA,NA,NA
"Note (c): Including the estimated future impact of approved flexibilities is optional. Report adjustments as a negative value.",NA,NA,NA,NA,NA,NA,NA,NA,NA,NA,NA,NA,NA,NA,NA,NA,NA,NA,NA,NA,NA,NA,NA,NA,NA,NA,NA,NA,NA,NA,NA,NA,NA,NA,NA,NA,NA
"Note (d): The 'National Total for Compliance (CLRTAP)' includes the ‘National Total (based on fuel sold)’ (row 141) corrected for i) approved adjustments to national totals (row 151) (by adding the negative adjustment values) and, if applicable, ii) national totals based on fuel used (rows 143-149) (by adding the emissions based on fuel used and subtracting the corresponding emissions based on fuel sold).",NA,NA,NA,NA,NA,NA,NA,NA,NA,NA,NA,NA,NA,NA,NA,NA,NA,NA,NA,NA,NA,NA,NA,NA,NA,NA,NA,NA,NA,NA,NA,NA,NA,NA,NA,NA,NA
"Note (e): The 'National Total for Compliance (NECD)' includes the ‘National Total (based on fuel sold)’ (row 141) corrected for i) approved adjustments and flexibilities to national totals (row 153) (by adding the negative adjustment values) and, if applicable, ii) national totals based on fuel used (rows 143-149) (by adding the emissions based on fuel used and subtracting the corresponding emissions based on fuel sold) as well as iii) the subtraction of sectors 3B + 3D for NOx and NMVOC (only from 2020 onwards and for the year 2005 as a basis for emission reduction commitment calculations), according to the NEC Directive, Article 4/3(d).",NA,NA,NA,NA,NA,NA,NA,NA,NA,NA,NA,NA,NA,NA,NA,NA,NA,NA,NA,NA,NA,NA,NA,NA,NA,NA,NA,NA,NA,NA,NA,NA,NA,NA,NA,NA,NA
